url_path,views_total,views_unique
/pbs-assess/pacea,32,11
/pbs-assess/pacea/tree/main/data,5,4
/pbs-assess/PACea,3,1
/pbs-assess/pacea/blob/main/README.Rmd,2,2
/pbs-assess/pacea/tree/main/R,2,2
/pbs-assess/pacea/tree/main/data-raw,2,2
/pbs-assess/pacea/blob/main/data/bccm_data_full.rda,2,1
/pbs-assess/pacea/tree/main/vignettes,2,1
/pbs-assess/pacea/blob/37add616518db91911a6c5d37dc51088297984fe/R/hotssea-all-variables.R,1,1
/pbs-assess/pacea/blob/5cad777ccef8cba7c6401b71ec67d0a3c2665f90/data-raw/buoys/buoy-sst.R,1,1
